Data;Campanha;Gasto (R$);Impressões;Cliques;CTR (%);Conversas WhatsApp;CPA Msg (R$);CPC (R$);Observação
2026-08-31;"⭕DESATIVADA FUSION";8.78;1297;130;10.02;0;0.00;1.25;
2026-08-31;"Eng- Polo Track - 27/08/2026 (SANDRO)";5.24;524;13;2.48;0;0.00;0.66;
2026-08-31;"🟢Compra de carros i9 - Whats - 27/08 (Sandro)";5.23;333;9;2.70;1;5.23;1.74;
2026-08-31;"Eng- jeep Compass - 27/08/2026 (Sandro)";5.14;300;13;4.33;0;0.00;1.71;
2026-08-31;"RAM 2 - SANDRO - (27/08) — video";3.17;242;4;1.65;0;0.00;1.06;
2026-08-31;"RAM - SANDRO - (26/08)";3.04;325;3;0.92;1;3.04;1.01;
2026-08-31;"Compra de carros i9 - Whats - 27/08 (Sandro)";0.00;0;0;0.00;0;0.00;0.00;
2026-09-01;"HB20 2017 - SANDRO - (31/08)";10.14;1081;59;5.46;1;10.14;0.26;
2026-09-01;"Compra de carros elétricos - Whats - 27/08 (Sandro)";7.92;363;5;1.38;0;0.00;2.64;
2026-09-01;"⭕DESATIVADA FUSION";7.82;1388;143;10.30;0;0.00;0.60;
2026-09-01;"Eng- Polo Track - 27/08/2026 (SANDRO)";4.64;537;13;2.42;2;2.32;0.46;
2026-09-01;"Eng- jeep Compass - 27/08/2026 (Sandro)";4.07;174;8;4.60;2;2.04;1.36;
2026-09-01;"🟢Compra de carros i9 - Whats - 27/08 (Sandro)";3.22;270;5;1.85;2;1.61;0.81;
2026-09-01;"Compra de carros i9 - Whats - 23/08";0.00;0;0;0.00;0;0.00;0.00;
2026-09-01;"RAM - SANDRO - (26/08)";0.00;0;0;0.00;0;0.00;0.00;
2026-09-02;"HB20 2017 - SANDRO - (31/08)";9.75;1115;55;4.93;2;4.88;0.51;
2026-09-02;"Eng- Polo Track - 27/08/2026 (SANDRO)";8.07;923;17;1.84;1;8.07;0.62;
2026-09-02;"🟢Compra de carros i9 - Whats - 27/08 (Sandro)";7.04;555;13;2.34;4;1.76;0.70;
2026-09-02;"[LEADS]- FUSION- (ARISON) — TESTE- FORMULÁRIO - JC";5.96;358;20;5.59;1;5.96;0.43;
2026-09-02;"Compra de carros elétricos - Whats - 27/08 (Sandro)";5.34;316;7;2.22;2;2.67;1.07;
2026-09-02;"Compra de carros i9 - Whats - 23/08";0.00;0;0;0.00;0;0.00;0.00;
2026-09-02;"Eng- jeep Compass - 27/08/2026 (Sandro)";0.00;1;1;100.00;0;0.00;0.00;
2026-09-02;"⭕DESATIVADA FUSION";0.00;1;0;0.00;0;0.00;0.00;
2026-09-03;"Eng- Polo Track - 27/08/2026 (SANDRO)";10.27;848;22;2.59;1;10.27;2.57;
2026-09-03;"HB20 2017 - SANDRO - (31/08)";6.69;599;42;7.01;3;2.23;0.96;
2026-09-03;"🟢Compra de carros i9 - Whats - 27/08 (Sandro)";6.19;448;10;2.23;2;3.10;0.88;
2026-09-03;"[LEADS]- FUSION- (ARISON) — TESTE- FORMULÁRIO - JC";4.79;207;18;8.70;1;4.79;0.60;
2026-09-03;"Compra de carros i9 - Whats - 23/08";0.00;0;0;0.00;0;0.00;0.00;
2026-09-03;"Eng- jeep Compass - 27/08/2026 (Sandro)";0.00;0;0;0.00;0;0.00;0.00;
2026-09-03;"Compra de carros elétricos - Whats - 27/08 (Sandro)";0.00;0;0;0.00;0;0.00;0.00;
2026-09-04;"Eng- Polo Track - 27/08/2026 (SANDRO)";6.71;703;24;3.41;1;6.71;0.39;
2026-09-04;"HB20 2017 - ARISON- (04/08)";4.56;478;29;6.07;1;4.56;0.76;
2026-09-04;"HB20 2017 - SANDRO - (31/08)";3.74;381;27;7.09;3;1.25;0.75;
2026-09-04;"Eng- Polo Track - 07/09/2026 (Arison)";3.47;198;12;6.06;0;0.00;3.47;
2026-09-04;"HILUX BRANCA- ARISON- (04/08)";3.14;226;2;0.88;1;3.14;1.57;
2026-09-04;"HILUX BRANCA- SANDRO- (04/08)";3.02;262;13;4.96;1;3.02;0.30;
2026-09-04;"🟢Compra de carros i9 - Whats - 27/08 (Sandro)";0.00;0;0;0.00;0;0.00;0.00;
2026-09-04;"Compra de carros elétricos - Whats - 27/08 (Sandro)";0.00;0;0;0.00;0;0.00;0.00;
2026-09-05;"HILUX BRANCA- SANDRO- (04/08)";6.40;437;10;2.29;3;2.13;0.80;
2026-09-05;"HILUX BRANCA- ARISON- (04/08)";6.02;450;11;2.44;5;1.20;0.75;
2026-09-05;"HB20 2017 - ARISON- (04/08)";5.67;442;30;6.79;3;1.89;1.42;
2026-09-05;"Eng- Polo Track - 27/08/2026 (SANDRO)";3.12;222;8;3.60;0;0.00;1.56;
2026-09-05;"HB20 2017 - SANDRO - (31/08)";2.49;249;11;4.42;1;2.49;2.49;
2026-09-05;"Eng- Polo Track - 07/09/2026 (Arison)";1.29;80;0;0.00;0;0.00;0.00;
2026-09-05;"Compra de carros elétricos - Whats - 27/08 (Sandro)";0.00;0;0;0.00;0;0.00;0.00;
2026-09-06;"HB20 2017 - SANDRO - (31/08)";9.72;768;50;6.51;4;2.43;0.75;
2026-09-06;"HILUX BRANCA- ARISON- (04/08)";9.49;583;19;3.26;3;3.16;0.95;
2026-09-06;"HILUX BRANCA- SANDRO- (04/08)";8.57;541;20;3.70;5;1.71;0.71;
2026-09-06;"HB20 2017 - ARISON- (04/08)";7.92;701;27;3.85;2;3.96;1.58;
2026-09-06;"Eng- Polo Track - 07/09/2026 (Arison)";7.10;548;17;3.10;1;7.10;1.42;
2026-09-06;"Compra de carros elétricos - Whats - 27/08 (Sandro)";0.00;0;0;0.00;0;0.00;0.00;
2026-09-07;"HB20 2017 - ARISON- (04/08)";10.08;814;43;5.28;6;1.68;0.72;
2026-09-07;"HB20 2017 - SANDRO - (31/08)";9.61;812;42;5.17;6;1.60;0.69;
2026-09-07;"Eng- Polo Track - 07/09/2026 (Arison)";7.50;558;14;2.51;1;7.50;1.88;🏆 VENDA - POLO
2026-09-07;"FUSION BRANCO- ARISON- (07/08)";4.11;293;14;4.78;4;1.03;0.82;
2026-09-07;"Eng- Polo Track - 07/09/2026-  SANDRO";3.93;233;10;4.29;1;3.93;3.93;🏆 VENDA - POLO
2026-09-07;"FUSION BRANCO- SANDRO- (07/08)";3.87;301;10;3.32;1;3.87;0.97;
2026-09-07;"HILUX BRANCA- ARISON- (04/08)";3.34;253;7;2.77;1;3.34;0.83;
2026-09-07;"HILUX BRANCA- SANDRO- (04/08)";3.25;199;8;4.02;2;1.63;0.81;
2026-09-07;"Eng- Polo Track - 27/08/2026 (SANDRO)";0.00;0;0;0.00;0;0.00;0.00;🏆 VENDA - POLO
2026-09-07;"Compra de carros elétricos - Whats - 27/08 (Sandro)";0.00;0;0;0.00;0;0.00;0.00;
2026-09-08;"🔴 DESATIVADA - COMPASS CHOCOLATE 2020 - ARISON- PE 📍";9.75;539;3;0.56;3;3.25;4.88;
2026-09-08;"🔴 DESATIVADA - COMPASS CHOCOLATE 2020 - SANDRO- PE 📍";9.73;526;13;2.47;1;9.73;1.22;
2026-09-08;"HB20 2017 - ARISON- (04/08)";8.71;691;31;4.49;5;1.74;0.79;
2026-09-08;"HB20 2017 - SANDRO - (31/08)";7.63;644;26;4.04;4;1.91;1.53;
2026-09-08;"FUSION BRANCO- ARISON- (07/08)";7.31;446;18;4.04;4;1.83;0.66;
2026-09-08;"MOBI LIKE - SANDRO - (08/09)";6.96;475;16;3.37;1;6.96;6.96;
2026-09-08;"Eng- Polo Track - 07/09/2026 (Arison)";6.80;498;20;4.02;2;3.40;1.70;
2026-09-08;"FUSION BRANCO- SANDRO- (07/08)";6.21;466;12;2.58;4;1.55;1.24;
2026-09-08;"Eng- Polo Track - 07/09/2026-  SANDRO";6.12;311;10;3.22;0;0.00;3.06;
2026-09-08;"Compra de carros elétricos - Whats - 27/08 (Sandro)";0.00;0;0;0.00;0;0.00;0.00;
2026-09-08;"HILUX BRANCA- ARISON- (04/08)";0.00;0;0;0.00;0;0.00;0.00;
2026-09-09;"🔴 DESATIVADA - COMPASS CHOCOLATE 2020 - ARISON- PE 📍";8.54;374;6;1.60;1;8.54;8.54;
2026-09-09;"MOBI LIKE - SANDRO - (08/09)";8.37;593;25;4.22;2;4.18;1.20;
2026-09-09;"FUSION BRANCO- SANDRO- (07/08)";8.17;572;17;2.97;5;1.63;1.02;
2026-09-09;"🔴 DESATIVADA - COMPASS CHOCOLATE 2020 - SANDRO- PE 📍";7.77;294;11;3.74;2;3.88;1.11;
2026-09-09;"FUSION BRANCO- ARISON- (07/08)";7.58;475;11;2.32;1;7.58;3.79;
2026-09-09;"HB20 2017 - ARISON- (04/08)";7.35;519;28;5.39;4;1.84;1.23;
2026-09-09;"HB20 2017 - SANDRO - (31/08)";6.88;514;26;5.06;1;6.88;0.76;
2026-09-09;"Eng- Polo Track - 07/09/2026 (Arison)";6.34;413;17;4.12;1;6.34;1.58;
2026-09-09;"Eng- Polo Track - 07/09/2026-  SANDRO";4.83;272;8;2.94;0;0.00;1.21;
2026-09-09;"Compra de carros elétricos - Whats - 27/08 (Sandro)";0.00;0;0;0.00;0;0.00;0.00;
2026-09-09;"HILUX BRANCA- ARISON- (04/08)";0.00;0;0;0.00;0;0.00;0.00;
2026-09-10;"🟢 COMPRA - COMPASS CHOCOLATE 2020 - ARISON- ADV+";9.73;2050;335;16.34;1;9.73;0.29;
2026-09-10;"🟢 COMPRA - COMPASS C 2020 - SANDRO- ADV+ — Cópia";9.51;1705;229;13.43;3;3.17;0.29;
2026-09-10;"MOBI LIKE - SANDRO - (08/09)";7.69;432;24;5.56;2;3.85;1.10;
2026-09-10;"FUSION BRANCO- ARISON- (07/08)";7.66;539;16;2.97;4;1.92;1.09;
2026-09-10;"FUSION BRANCO- SANDRO- (07/08)";7.59;559;10;1.79;1;7.59;2.53;
2026-09-10;"HB20 2017 - SANDRO - (31/08)";6.54;557;35;6.28;3;2.18;0.65;
2026-09-10;"HB20 2017 - ARISON- (04/08)";5.76;506;14;2.77;1;5.76;1.92;
2026-09-10;"HILUX BRANCA- ARISON- (04/08)";0.00;0;0;0.00;0;0.00;0.00;
2026-09-10;"Eng- Polo Track - 07/09/2026-  SANDRO";0.00;0;0;0.00;0;0.00;0.00;
2026-09-10;"🔴 DESATIVADA - COMPASS CHOCOLATE 2020 - SANDRO- PE 📍";0.00;0;0;0.00;0;0.00;0.00;
2026-09-11;"FUSION BRANCO- ARISON- (07/08)";4.59;339;11;3.24;1;4.59;1.15;
2026-09-11;"FUSION BRANCO- SANDRO- (07/08)";4.35;364;8;2.20;0;0.00;1.45;
2026-09-11;"🟢 COMPRA - COMPASS CHOCOLATE 2020 - ARISON- ADV+";4.19;811;157;19.36;0;0.00;0.23;
2026-09-11;"🟢 COMPRA - COMPASS C 2020 - SANDRO- ADV+ — Cópia";4.13;782;193;24.68;1;4.13;0.17;
2026-09-11;"HB20 2017 - SANDRO - (31/08)";4.08;379;21;5.54;2;2.04;0.51;
2026-09-11;"MOBI LIKE - SANDRO - (08/09)";3.92;228;9;3.95;1;3.92;0.78;
2026-09-11;"HB20 2017 - ARISON- (04/08)";3.54;291;8;2.75;0;0.00;0.00;
2026-09-11;"HILUX BRANCA- ARISON- (04/08)";0.00;0;0;0.00;0;0.00;0.00;
2026-09-12;"MOBI LIKE - SANDRO - (08/09)";0.10;1;0;0.00;0;0.00;0.00;
2026-09-12;"HB20 2017 - ARISON- (04/08)";0.00;0;0;0.00;1;0.00;0.00;
2026-09-12;"HILUX BRANCA- ARISON- (04/08)";0.00;0;0;0.00;1;0.00;0.00;
2026-09-13;"MOBI LIKE - SANDRO - (08/09)";9.22;351;14;3.99;2;4.61;2.31;
2026-09-13;"CARROS ELÉTRICOS - ARISON - 13-09 - JC";8.39;351;11;3.13;4;2.10;1.68;
2026-09-13;"FUSION BRANCO- SANDRO- (07/08)";5.33;374;10;2.67;3;1.78;0.76;
2026-09-13;"HB20 2017 - SANDRO - (31/08)";0.00;0;0;0.00;0;0.00;0.00;
2026-09-13;"HB20 2017 - ARISON- (04/08)";0.00;0;0;0.00;0;0.00;0.00;
2026-09-14;"MOBI LIKE - SANDRO - (08/09)";8.31;268;15;5.60;2;4.16;2.08;
2026-09-14;"CARROS ELÉTRICOS - ARISON - 13-09 - JC";7.03;298;7;2.35;2;3.52;1.41;
2026-09-14;"FUSION BRANCO- SANDRO- (07/08)";6.60;446;15;3.36;2;3.30;1.65;
2026-09-14;"HB20 2017 - SANDRO - (31/08)";0.00;0;0;0.00;0;0.00;0.00;
2026-09-14;"HB20 2017 - ARISON- (04/08)";0.00;0;0;0.00;0;0.00;0.00;
2026-09-15;"FUSION BRANCO- SANDRO- (07/08)";8.32;567;19;3.35;2;4.16;1.66;
2026-09-15;"HB20 2017 - ARISON- (04/08)";6.79;487;27;5.54;0;0.00;3.40;
2026-09-15;"Eng- Polo Track - 07/09/2026-  SANDRO";5.17;576;14;2.43;0;0.00;2.58;
2026-09-15;"CARROS ELÉTRICOS - ARISON - 13-09 - JC";3.32;141;2;1.42;0;0.00;0.00;
2026-09-15;"MOBI LIKE - SANDRO - (08/09)";1.28;45;2;4.44;1;1.28;1.28;
2026-09-16;"HB20 2017 - ARISON- (04/08)";11.42;1065;41;3.85;1;11.42;1.27;
2026-09-16;"Eng- Polo Track - 07/09/2026-  SANDRO";8.88;668;19;2.84;3;2.96;2.22;
2026-09-16;"FUSION BRANCO- SANDRO- (07/08)";8.81;531;12;2.26;1;8.81;2.20;
2026-09-16;"CAPTUR - VENDAS - (ARISON) - Carrosel";5.64;320;21;6.56;2;2.82;0.94;
2026-09-16;"CARROS ELÉTRICOS - ARISON - 13-09 - JC";0.00;0;0;0.00;0;0.00;0.00;
2026-09-17;"HB20 2017 - ARISON- (04/08)";9.78;810;42;5.19;3;3.26;1.22;
2026-09-17;"Eng- Polo Track - 07/09/2026-  SANDRO";8.53;673;21;3.12;3;2.84;1.71;
2026-09-17;"CAPTUR - VENDAS - (ARISON) - Carrosel";6.53;370;41;11.08;8;0.82;0.50;
2026-09-17;"FUSION BRANCO- SANDRO- (07/08)";4.46;274;8;2.92;0;0.00;1.11;
2026-09-18;"HB20 2017 - ARISON- (04/08)";9.75;835;39;4.67;5;1.95;0.81;
2026-09-18;"Eng- Polo Track - 07/09/2026-  SANDRO";9.19;641;16;2.50;1;9.19;2.30;
2026-09-18;"FUSION BRANCO- SANDRO- (07/08)";7.43;412;10;2.43;1;7.43;1.24;
2026-09-18;"CAPTUR - VENDAS - (ARISON) - Carrosel";6.48;376;26;6.91;3;2.16;1.08;
2026-09-19;"HB20 2017 - ARISON- (04/08)";11.13;878;26;2.96;3;3.71;1.39;
2026-09-19;"Eng- Polo Track - 07/09/2026-  SANDRO";9.22;582;15;2.58;0;0.00;9.22;
2026-09-19;"FUSION BRANCO- SANDRO- (07/08)";7.94;541;11;2.03;0;0.00;1.59;
2026-09-19;"CAPTUR - VENDAS - (ARISON) - Carrosel";6.58;403;40;9.93;9;0.73;0.55;
2026-09-19;"SILVERADO 2024 - SANDRO - (19/09)";4.50;309;6;1.94;1;4.50;1.50;
2026-09-19;"CARROS ELÉTRICOS - ARISON - 13-09 - JC";0.00;0;0;0.00;0;0.00;0.00;
2026-09-20;"CAPTUR - VENDAS - (ARISON) - Carrosel";9.73;499;31;6.21;2;4.87;1.39;
2026-09-20;"FUSION BRANCO- SANDRO- (07/08)";8.50;531;17;3.20;2;4.25;1.06;
2026-09-20;"Eng- Polo Track - 07/09/2026-  SANDRO";8.33;595;18;3.03;2;4.17;2.08;
2026-09-20;"SILVERADO 2024 - SANDRO - (19/09)";7.32;378;9;2.38;2;3.66;1.83;
2026-09-20;"HB20 2017 - ARISON- (04/08)";5.91;395;17;4.30;3;1.97;0.74;
2026-09-20;"CARROS ELÉTRICOS - ARISON - 13-09 - JC";0.00;0;0;0.00;0;0.00;0.00;
2026-09-21;"HB20 2017 - ARISON- (04/08)";11.10;617;26;4.21;4;2.77;1.85;
2026-09-21;"Eng- Polo Track - 07/09/2026-  SANDRO";10.67;625;21;3.36;1;10.67;3.56;
2026-09-21;"FUSION BRANCO- SANDRO- (07/08)";10.40;609;17;2.79;4;2.60;1.30;
2026-09-21;"CAPTUR - VENDAS - (ARISON) - Carrosel";9.07;530;35;6.60;3;3.02;1.01;
2026-09-21;"SILVERADO 2024 - SANDRO - (19/09)";8.91;468;10;2.14;4;2.23;1.49;
2026-09-21;"CARROS ELÉTRICOS - ARISON - 13-09 - JC";0.00;0;0;0.00;0;0.00;0.00;
2026-09-22;"Eng- Polo Track - 07/09/2026-  SANDRO";10.69;772;20;2.59;1;10.69;1.78;
2026-09-22;"HB20 2017 - ARISON- (04/08)";9.48;731;41;5.61;5;1.90;0.63;
2026-09-22;"SILVERADO 2024 - SANDRO - (19/09)";9.40;598;11;1.84;2;4.70;1.57;
2026-09-22;"FUSION BRANCO- SANDRO- (07/08)";8.58;633;20;3.16;1;8.58;1.07;
2026-09-22;"CAPTUR - VENDAS - (ARISON) - Carrosel";7.45;373;28;7.51;3;2.48;0.93;
2026-09-23;"CAPTUR - VENDAS - (ARISON) - Carrosel";7.89;361;38;10.53;3;2.63;1.13;
2026-09-23;"HB20 2017 - ARISON- (04/08)";7.65;567;23;4.06;3;2.55;2.55;
2026-09-23;"SILVERADO 2024 - SANDRO - (19/09)";7.62;367;4;1.09;1;7.62;3.81;
2026-09-23;"FUSION BRANCO- SANDRO- (07/08)";6.49;339;15;4.42;1;6.49;0.93;
2026-09-23;"Eng- Polo Track - 07/09/2026-  SANDRO";4.45;297;13;4.38;1;4.45;2.23;
2026-09-24;"SILVERADO 2024 - SANDRO - (19/09)";6.18;273;8;2.93;3;2.06;1.03;
2026-09-24;"CAPTUR - VENDAS - (ARISON) - Carrosel";5.61;297;25;8.42;3;1.87;0.80;
2026-09-24;"HB20 2017 - ARISON- (04/08)";5.15;364;19;5.22;2;2.58;0.86;
2026-09-24;"FUSION BRANCO- SANDRO- (07/08)";2.60;135;1;0.74;0;0.00;0.00;
2026-09-25;"Eng- Polo Track - 07/09/2026-  SANDRO";9.17;591;20;3.38;2;4.58;0.92;
2026-09-25;"HB20 2017 - SANDRO - (31/08)";6.09;478;22;4.60;4;1.52;0.68;
2026-09-25;"CAPTUR - VENDAS - (ARISON) - Carrosel";5.04;249;15;6.02;3;1.68;1.68;
2026-09-25;"SILVERADO 2024 - SANDRO - (19/09)";1.78;77;1;1.30;0;0.00;1.78;
2026-09-26;"HB20 2017 - SANDRO - (31/08)";11.82;977;51;5.22;8;1.48;0.49;
2026-09-26;"Eng- Polo Track - 07/09/2026-  SANDRO";10.13;764;21;2.75;1;10.13;1.13;
2026-09-26;"Audi 2019 - Arison- (26/09)";5.46;420;4;0.95;1;5.46;2.73;
2026-09-26;"CAPTUR - VENDAS - (ARISON) - Carrosel";3.73;226;12;5.31;1;3.73;0.93;
2026-09-27;"HB20 2017 - SANDRO - (31/08)";10.68;703;35;4.98;3;3.56;0.97;
2026-09-27;"CAPTUR - VENDAS - (ARISON) - Carrosel";9.83;465;24;5.16;2;4.92;1.40;
2026-09-27;"Eng- Polo Track - 07/09/2026-  SANDRO";6.91;646;20;3.10;1;6.91;0.86;
2026-09-27;"Audi 2019 - Arison- (26/09)";4.39;268;2;0.75;0;0.00;4.39;
2026-09-28;"CAPTUR - VENDAS - (ARISON) - Carrosel";6.08;324;30;9.26;1;6.08;0.47;
2026-09-28;"Audi 2019 - Arison- (26/09)";4.29;232;2;0.86;0;0.00;4.29;
2026-09-28;"HB20 2017 - SANDRO - (31/08)";3.15;290;9;3.10;0;0.00;1.57;
2026-09-28;"Eng- Polo Track - 07/09/2026-  SANDRO";1.70;200;5;2.50;0;0.00;0.57;
2026-09-29;"CAPTUR - VENDAS - (ARISON) - Carrosel";12.74;490;36;7.35;3;4.25;2.12;
2026-09-29;"HB20 2017 - SANDRO - (31/08)";9.16;716;58;8.10;3;3.05;0.65;
2026-09-29;"Eng- Polo Track - 07/09/2026-  SANDRO";7.07;431;18;4.18;1;7.07;2.36;
2026-09-29;"✅COBALT - ARISON - (29/09)";5.65;439;36;8.20;6;0.94;0.51;🏆 VENDA - COBALT
2026-09-29;"✅COBALT - SANDRO- (29/09)";5.41;499;42;8.42;6;0.90;0.54;🏆 VENDA - COBALT
2026-09-29;"Audi 2019 - Arison- (26/09)";5.17;193;3;1.55;0;0.00;5.17;
