score,dias,variacoes,anunciante,termo,destino,link
"200","343","5","Susana Ateliê","receitas","https://app.monetizze.com.br/r/AAP25120251","https://www.facebook.com/ads/library/?id=1510791113394769"
"196","176","5","Receitas Nestlé","receitas","https://www.receitasnestle.com.br/receitas/mousse-de-maracuja-pratico?utm_campaign=Receitas-Nestle-AON-NC008445_BR_FOOD_NEST_L73_ANNF_oportunidade_CON_BRPR_NA_meta-sessoes&utm_source=facebook&utm_source_platform=meta&utm_medium=paid_social&utm_content=c501","https://www.facebook.com/ads/library/?id=928726683411629"
"192","771","3","PizzeHome","receitas","http://www.pizzehome.com.br/","https://www.facebook.com/ads/library/?id=825788869678905"
"184","259","1","Achadinhos da Loe","receitas","https://s.shopee.com.br/6fZyWvBvMh","https://www.facebook.com/ads/library/?id=1127745372614763"
"184","293","1","Nova Velha Agricultura","receitas","https://www.instagram.com/_u/danielgirello","https://www.facebook.com/ads/library/?id=1274055091412499"
"184","602","1","Tartiner Nuts","receitas","http://instagram.com/tartiner_nuts","https://www.facebook.com/ads/library/?id=1334993461076980"
"184","279","1","Snaptube","receitas","https://www.snaptube-pt.com/app?utm_source=facebook2019&utm_campaign=s2s_henriquerustico_pt_251218","https://www.facebook.com/ads/library/?id=848713757763544"
"184","377","1","Renan Botelho Dr","receitas","http://instagram.com/renanbotelhodr","https://www.facebook.com/ads/library/?id=652131454176487"
"163","159","1","TikTok Global","receitas","https://www.tiktok.com/ug/ads/landing/new/w2a/blank_page?language=en&region=br&enter_from=TikTok&previous_page=ug_w2a_blank_page_br&deeplink_type=TT&page_name=ug_w2a_blank_page_br&rcmd_pid_size=30&group_id=1026&redirect_url=snssdk1233%3A%2F%2F&top_product_ids=0&pid=metaweb_int","https://www.facebook.com/ads/library/?id=2366492917183805"
"140","120","5","Amazon.com.br","receitas","https://www.amazon.com.br/dp/B0CZLXLN8P?ref_=pfb_spv01_6a505029ea2f538a7e98cf5921efcac1","https://www.facebook.com/ads/library/?id=1223312153071533"
"131","119","3","Gratus Tecnologia","receitas","http://www.doutorbeneficios.com/","https://www.facebook.com/ads/library/?id=817333861217100"
"104","100","1","ReciMe","receitas","https://join.recime.app/D14eb/ebag?_smtype=3&wpcn=%7B%7Bcampaign.name%7D%7D&_forward_params=1&wpscid=%7B%7Badset.id%7D%7D&pcrid=%7B%7Bad.id%7D%7D&wpsrc=Facebook%20Web&wpcid=%7B%7Bcampaign.id%7D%7D&wpcrn=%7B%7Bad.name%7D%7D&pcn=%7B%7Bcampaign.name%7D%7D&pcid=%7B%7Bcampaign.id%7D%7D&pscid=%7B%7Badset.id%7D%7D&wpcrid=%7B%7Bad.id%7D%7D&wpscn=%7B%7Badset.name%7D%7D&pscn=%7B%7Badset.name%7D%7D&pcrn=%7B%7Bad.name%7D%7D&modeled=1","https://www.facebook.com/ads/library/?id=1690912498614336"
"99","71","7","Gratus Tecnologia","receitas","https://www.doutorbeneficios.com/app","https://www.facebook.com/ads/library/?id=1763549691495008"
"90","70","5","Gratus Tecnologia","receitas","https://www.doutorbeneficios.com/","https://www.facebook.com/ads/library/?id=1432724372236088"
"90","70","5","Help Global Brazil","receitas","https://www.doutorbeneficios.com/","https://www.facebook.com/ads/library/?id=1544473124088253"
"88","84","1","TPM, pra que te quero? com Rich do Brasil","receitas","https://www.richs.com.br/","https://www.facebook.com/ads/library/?id=1685028579417177"
"82","62","5","Receitas Nestlé","receitas","https://www.receitasnestle.com.br/receitas/bolo-especial-de-chocolate?utm_campaign=Receitas-Nestle-AON-NC008445_BR_FOOD_NEST_L73_ANNF_oportunidade_CON_BRPR_NA_meta-sessoes&utm_source=facebook&utm_source_platform=meta&utm_medium=paid_social&utm_content=2pd-boloespecial-d097","https://www.facebook.com/ads/library/?id=1809083103784974"
"82","62","5","Receitas Nestlé","receitas","https://www.receitasnestle.com.br/receitas/torta-de-maca?utm_campaign=Receitas-Nestle-AON-NC008445_BR_FOOD_NEST_L73_ANNF_oportunidade_CON_BRPR_NA_meta-sessoes&utm_source=facebook&utm_source_platform=meta&utm_medium=paid_social&utm_content=2pd-tortademaca-d098","https://www.facebook.com/ads/library/?id=1015670667941491"
"78","70","2","Help Global Brazil","receitas","https://doutorsocial.com/","https://www.facebook.com/ads/library/?id=1579148227257634"
"74","70","1","Gratus Tecnologia","receitas","https://www.doutorbeneficios.com/aplicativo-doutor-beneficios-telemedicina","https://www.facebook.com/ads/library/?id=1029432399680838"
"73","69","1","Gratus Tecnologia","receitas","https://www.doutorbeneficios.com/app","https://www.facebook.com/ads/library/?id=1035930605750972"
"73","69","1","Kwai-BR","receitas","http://play.google.com/store/apps/details?id=com.kwai.video","https://www.facebook.com/ads/library/?id=1059262096491010"
"73","69","1","Kwai BR","receitas","http://play.google.com/store/apps/details?id=com.kwai.video","https://www.facebook.com/ads/library/?id=1057009453454785"
"71","63","2","Consul","receitas","https://www.consul.com.br/consul---melhores-ofertas-cooktop","https://www.facebook.com/ads/library/?id=2060358337905398"
"62","42","5","Britânia Eletrodomésticos","receitas","https://www.britania.com.br/cozinha/mixers?utm_source=meta&utm_medium=social&utm_campaign=britania_2026_aon_motor_mixer_jun&utm_content=display-produto","https://www.facebook.com/ads/library/?id=1542033591053654"
"62","42","5","Britânia Eletrodomésticos","receitas","https://www.britania.com.br/cozinha/batedeiras?utm_source=meta&utm_medium=social&utm_campaign=britania_2026_aon_aquecimento_batedeira_jun&utm_content=display-produto","https://www.facebook.com/ads/library/?id=997098473324784"
"62","42","5","Britânia Eletrodomésticos","receitas","https://www.britania.com.br/cozinha/liquidificadores?utm_source=meta&utm_medium=social&utm_campaign=britania_2026_aon_motor_liquidificador_jun&utm_content=display-produto","https://www.facebook.com/ads/library/?id=1053432247500850"
"61","41","5","Britânia Eletrodomésticos","receitas","https://www.britania.com.br/cozinha/grills-e-sanduicheiras?utm_source=meta&utm_medium=social&utm_campaign=britania_2026_aon_aquecimento_grills_jun&utm_content=display-produto","https://www.facebook.com/ads/library/?id=1040195712271519"
"50","42","2","Britânia Eletrodomésticos","receitas","https://www.britania.com.br/cozinha/air-fryer?utm_source=meta&utm_medium=social&utm_campaign=britania_2026_aon_aquecimento_fritadeiras_jun&utm_content=display-produto","https://www.facebook.com/ads/library/?id=1591661242411099"
"43","23","5","Kopenhagen","receitas","https://ad.doubleclick.net/ddm/trackclk/N432201.4828937METAFACEBOOK/B36448296.455178801;dc_trk_aid=649083391;dc_trk_cid=260643841;dc_lat=;dc_rdid=;tag_for_child_directed_treatment=;tfua=;gdpr=$%7BGDPR%7D;gdpr_consent=$%7BGDPR_CONSENT_755%7D;ltd=;dc_tdv=1","https://www.facebook.com/ads/library/?id=2303893660441432"
"40","20","5","Receitas Nestlé","receitas","https://www.receitasnestle.com.br/receitas/receita-cocada-chocolate-garoto-recheado-crocante?utm_campaign=Receitas-Nestle-AON-NC008445_BR_FOOD_NEST_L73_ANNF_GAROTO_AWA_BRPR_BRYT_meta-garoto-awareness&utm_source=facebook&utm_source_platform=meta&utm_medium=paid_social&utm_content=garoto-cocada-d239","https://www.facebook.com/ads/library/?id=2042104649746744"
"40","20","5","Receitas Nestlé","receitas","https://www.receitasnestle.com.br/receitas/receita-pav-chocolate-garoto-recheado-serenata-amor?utm_campaign=Receitas-Nestle-AON-NC008445_BR_FOOD_NEST_L73_ANNF_GAROTO_AWA_BRPR_BRYT_meta-garoto-awareness&utm_source=facebook&utm_source_platform=meta&utm_medium=paid_social&utm_content=garoto-pave-d241","https://www.facebook.com/ads/library/?id=997627149959596"
"40","20","5","Receitas Nestlé","receitas","https://www.receitasnestle.com.br/receitas/receita-cartola-travessa-chocolate-garoto-recheado-serenata-amor?utm_campaign=Receitas-Nestle-AON-NC008445_BR_FOOD_NEST_L73_ANNF_GAROTO_AWA_BRPR_BRYT_meta-garoto-awareness&utm_source=facebook&utm_source_platform=meta&utm_medium=paid_social&utm_content=garoto-cartola-d240&fbclid=fbclid","https://www.facebook.com/ads/library/?id=3455944814615701"
"40","20","5","Receitas Nestlé","receitas","https://www.amazon.com.br/stores/page/EDB5C114-2DC5-485A-B2ED-74F6D640CB27?channel=ReceitasSetembro26&utm_campaign=Receitas-Nestle-AON-NC008445_BR_FOOD_NEST_L73_ANNF_GAROTO_CON_BRPR_BRYT_meta-garoto-consideracao-cliques&utm_source=facebook&utm_source_platform=meta&utm_medium=paid_social&utm_content=garoto-cpc-d235","https://www.facebook.com/ads/library/?id=3160328984158225"
"39","19","5","Receitas Nestlé","receitas","https://www.amazon.com.br/stores/page/EDB5C114-2DC5-485A-B2ED-74F6D640CB27?channel=ReceitasSetembro26&utm_campaign=Receitas-Nestle-AON-NC008445_BR_FOOD_NEST_L73_ANNF_GAROTO_CON_BRPR_BRYT_meta-garoto-consideracao-cliques&utm_source=facebook&utm_source_platform=meta&utm_medium=paid_social&utm_content=garoto-tablets-d242","https://www.facebook.com/ads/library/?id=2299068200864838"
"38","30","2","Nestlé Molico","receitas","https://ad.doubleclick.net/ddm/trackclk/N432201.4828937METAFACEBOOK/B36605183.455091266;dc_trk_aid=649073204;dc_trk_cid=262684150;dc_lat=;dc_rdid=;tag_for_child_directed_treatment=;tfua=;gdpr=$%7BGDPR%7D;gdpr_consent=$%7BGDPR_CONSENT_755%7D;ltd=;dc_tdv=1","https://www.facebook.com/ads/library/?id=922248920937819"
"38","30","2","Nestlé Molico","receitas","https://ad.doubleclick.net/ddm/trackclk/N432201.4828937METAFACEBOOK/B36605183.455123432;dc_trk_aid=649073213;dc_trk_cid=262684150;dc_lat=;dc_rdid=;tag_for_child_directed_treatment=;tfua=;gdpr=$%7BGDPR%7D;gdpr_consent=$%7BGDPR_CONSENT_755%7D;ltd=;dc_tdv=1","https://www.facebook.com/ads/library/?id=1107656981794196"
"34","30","1","Nestlé Molico","receitas","https://ad.doubleclick.net/ddm/trackclk/N432201.4828937METAFACEBOOK/B36605183.455123402;dc_trk_aid=649031030;dc_trk_cid=262684150;dc_lat=;dc_rdid=;tag_for_child_directed_treatment=;tfua=;gdpr=$%7BGDPR%7D;gdpr_consent=$%7BGDPR_CONSENT_755%7D;ltd=;dc_tdv=1","https://www.facebook.com/ads/library/?id=1728248028397344"
"23","19","1","Elly Indica com Shopee","receitas","https://www.instagram.com/shopee_br/","https://www.facebook.com/ads/library/?id=1130406139551740"
"23","19","1","Liv Up","receitas","https://www.livup.com.br/marmitas","https://www.facebook.com/ads/library/?id=1579819359641695"
"23","19","1","Liv Up","receitas","https://www.livup.com.br/marmitas","https://www.facebook.com/ads/library/?id=1927056801509627"
"18","14","1","Receitas Nestlé","receitas","https://www.receitasnestle.com.br/listas-de-receitas/receitas-de-brigadeiros?utm_campaign=Receitas-Nestle-AON-NC008445_BR_FOOD_NEST_L73_ANNF_brigadeiro_AWA_BRPR_BRYT_meta-receitas-awareness-mesdobrigadeiro-set-2026&utm_source=facebook&utm_source_platform=meta&utm_medium=paid_social&utm_content=mesdobrigadeiro-d256","https://www.facebook.com/ads/library/?id=1585246879677417"
"16","12","1","Zero-Cal","receitas","https://www.hypera.com.br/marca/zero-cal?utm_source=meta&utm_medium=cpm&utm_campaign=pace_meta_zero-cal_cpm_always-on_awareness_social_estatico_alcance_HYP00454&utm_content=pausa-da-tarde_estatico_4x5_home_dem-25-as_all_br_awareness_always-on_social_alcance_HYP00454-01","https://www.facebook.com/ads/library/?id=1079264834602036"
"13","9","1","XP Investimentos com Expert XP","receitas","https://www.xpi.com.br/?utm_source=facebook&utm_medium=cpv&utm_campaign=fcbvde_branding_xp_dpz_202609_uppr_social-trilha-confianca_video-views_video-views_nac&utm_content=clusters_epsilon_nac_reels_49s_no&utm_term=maria-irene-jordao_na_id-met0001111_home-xp_na","https://www.facebook.com/ads/library/?id=1396545729321504"
"13","9","1","Receitas Nestlé","receitas","https://www.receitasnestle.com.br/receitas/receita-cookie-garoto-recheado-baton-lata?utm_campaign=Receitas-Nestle-AON-NC008445_BR_FOOD_NEST_L73_ANNF_GAROTO_AWA_BRPR_BRYT_meta-garoto-awareness&utm_source=facebook&utm_source_platform=meta&utm_medium=paid_social&utm_content=garoto-cookie-d255","https://www.facebook.com/ads/library/?id=1835525301157990"
"9","5","1","Nutrição e Performance Esportiva Dra. Danieli Noschang com Avidapedeleite","receitas","","https://www.facebook.com/ads/library/?id=1748235199561751"